"col0","col1"
"{ activ ...  true }","This is a potential data sink (argument to 'query')."
"{ activ ...  true }","This is a potential data sink (argument to 'query')."
"{ query, variables }","This is a potential data sink (argument to 'query')."
"getOper ... ) ?? ''","This is a potential data sink (argument to 'query')."
"getOper ... ) ?? ''","This is a potential data sink (argument to 'query')."
"getOper ... ) ?? ''","This is a potential data sink (argument to 'query')."
"getOper ... ) ?? ''","This is a potential data sink (argument to 'query')."
"getOper ... ) ?? ''","This is a potential data sink (argument to 'query')."
"'FindManyActivities'","This is a potential data sink (argument to 'query')."
"'FindMa ... vities'","This is a potential data sink (argument to 'query')."
"'FindOn ... rEvent'","This is a potential data sink (argument to 'query')."
"'FindOn ... rEvent'","This is a potential data sink (argument to 'query')."
"'FindOneMessage'","This is a potential data sink (argument to 'query')."
"'FindOneMessage'","This is a potential data sink (argument to 'query')."
"'Search'","This is a potential data sink (argument to 'query')."
"{\n      ...       }","This is a potential data sink (argument to 'query')."
"{\n      ...       }","This is a potential data sink (argument to 'query')."
"{\n      ... ,\n    }","This is a potential data sink (argument to 'query')."
"{ query ... _USER }","This is a potential data sink (argument to 'query')."
"{\n      ... ,\n    }","This is a potential data sink (argument to 'query')."
"{\n      ...       }","This is a potential data sink (argument to 'query')."
"{\n      ... ,\n    }","This is a potential data sink (argument to 'query')."
"{\n      ...       }","This is a potential data sink (argument to 'query')."
"'FindMa ... counts'","This is a potential data sink (argument to 'query')."
"getOper ... ) ?? ''","This is a potential data sink (argument to 'query')."
"getOper ... ) ?? ''","This is a potential data sink (argument to 'query')."
"getOper ... ) ?? ''","This is a potential data sink (argument to 'query')."
"getOper ... ) ?? ''","This is a potential data sink (argument to 'query')."
"getOper ... ) ?? ''","This is a potential data sink (argument to 'query')."
"'FindManyPeople'","This is a potential data sink (argument to 'query')."
"'FindOnePerson'","This is a potential data sink (argument to 'query')."
"'FindOn ... Member'","This is a potential data sink (argument to 'query')."
"getOper ... ) ?? ''","This is a potential data sink (argument to 'query')."
"getOper ... ) ?? ''","This is a potential data sink (argument to 'query')."
"getOper ... ) ?? ''","This is a potential data sink (argument to 'query')."
"getOper ... ) ?? ''","This is a potential data sink (argument to 'query')."
"getOper ... ) ?? ''","This is a potential data sink (argument to 'query')."
"getOper ... ) ?? ''","This is a potential data sink (argument to 'query')."
"getOper ... ) ?? ''","This is a potential data sink (argument to 'query')."
"'FindMa ... counts'","This is a potential data sink (argument to 'query')."
"'FindMa ... counts'","This is a potential data sink (argument to 'query')."
"'FindMa ... annels'","This is a potential data sink (argument to 'query')."
"'FindMa ... annels'","This is a potential data sink (argument to 'query')."
"'FindOneWebhook'","This is a potential data sink (argument to 'query')."
"'FindOneApiKey'","This is a potential data sink (argument to 'query')."
"getOper ... ) ?? ''","This is a potential data sink (argument to 'query')."
"'GetOne ... nction'","This is a potential data sink (argument to 'query')."
"'IntrospectionQuery'","This is a potential data sink (argument to 'query')."
"getOper ... ) ?? ''","This is a potential data sink (argument to 'query')."
"getOper ... ) ?? ''","This is a potential data sink (argument to 'query')."
"getOper ... ) ?? ''","This is a potential data sink (argument to 'query')."
"getOper ... ) ?? ''","This is a potential data sink (argument to 'query')."
"'SearchPeople'","This is a potential data sink (argument to 'query')."
"'SearchCompanies'","This is a potential data sink (argument to 'query')."
"'Search ... nities'","This is a potential data sink (argument to 'query')."
"'Search'","This is a potential data sink (argument to 'query')."
"'FindManyViews'","This is a potential data sink (argument to 'query')."
"'Search ... embers'","This is a potential data sink (argument to 'query')."
"'FindManyViewFields'","This is a potential data sink (argument to 'query')."
"'FindManyCompanies'","This is a potential data sink (argument to 'query')."
"'FindDu ... ompany'","This is a potential data sink (argument to 'query')."
"'FindManyPeople'","This is a potential data sink (argument to 'query')."
"'FindManyNotes'","This is a potential data sink (argument to 'query')."
"'FindManyTasks'","This is a potential data sink (argument to 'query')."
"'FindMa ... argets'","This is a potential data sink (argument to 'query')."
"'FindMa ... olders'","This is a potential data sink (argument to 'query')."
"'FindManyFavorites'","This is a potential data sink (argument to 'query')."
"'FindMa ... nities'","This is a potential data sink (argument to 'query')."
"'FindMa ... embers'","This is a potential data sink (argument to 'query')."
"'GetOne ... ection'","This is a potential data sink (argument to 'query')."
"'GetMan ... Tables'","This is a potential data sink (argument to 'query')."
"'FindOnePerson'","This is a potential data sink (argument to 'query')."
"'FindManyWorkflows'","This is a potential data sink (argument to 'query')."
"'FindOneWorkflow'","This is a potential data sink (argument to 'query')."
"'FindOneWorkflowRun'","This is a potential data sink (argument to 'query')."
"'FindMa ... rsions'","This is a potential data sink (argument to 'query')."
"getOper ... ) ?? ''","This is a potential data sink (argument to 'query')."
"query","This is a potential data sink (argument to 'query')."
"`SELECT ... e = $1`","This is a potential data sink (argument to 'query')."
"{\n    q ... N',\n  }","This is a potential data sink (argument to 'query')."
"{\n      ...       }","This is a potential data sink (argument to 'query')."
"`ALTER  ... ::text`","This is a potential data sink (argument to 'query')."
"`ALTER  ... EFAULT`","This is a potential data sink (argument to 'query')."
"`DROP T ... _enum""`","This is a potential data sink (argument to 'query')."
"`CREATE ... HOOK')`","This is a potential data sink (argument to 'query')."
"`ALTER  ... _enum""`","This is a potential data sink (argument to 'query')."
"`SELECT ... T NULL`","This is a potential data sink (argument to 'query')."
"`UPDATE ... d = $3`","This is a potential data sink (argument to 'query')."
"'SELECT ... id ASC'","This is a potential data sink (argument to 'query')."
"'SELECT ... ations'","This is a potential data sink (argument to 'query')."
"'INSERT ... 1, $2)'","This is a potential data sink (argument to 'query')."
"`CREATE ... ""id""))`","This is a potential data sink (argument to 'query')."
"`CREATE ... ""id""))`","This is a potential data sink (argument to 'query')."
"`ALTER  ... ACTION`","This is a potential data sink (argument to 'query')."
"`ALTER  ... ACTION`","This is a potential data sink (argument to 'query')."
"`ALTER  ... 1954d""`","This is a potential data sink (argument to 'query')."
"`ALTER  ... 6eeab""`","This is a potential data sink (argument to 'query')."
"`DROP T ... ption""`","This is a potential data sink (argument to 'query')."
"`DROP T ... nItem""`","This is a potential data sink (argument to 'query')."
"`\n      ...       `","This is a potential data sink (argument to 'query')."
"`\n      ...       `","This is a potential data sink (argument to 'query')."
"`ALTER  ... arying`","This is a potential data sink (argument to 'query')."
"`ALTER  ... E text`","This is a potential data sink (argument to 'query')."
"`CREATE ... year')`","This is a potential data sink (argument to 'query')."
"`ALTER  ... _enum""`","This is a potential data sink (argument to 'query')."
"`ALTER  ... E text`","This is a potential data sink (argument to 'query')."
"`ALTER  ... T NULL`","This is a potential data sink (argument to 'query')."
"`ALTER  ... erval""`","This is a potential data sink (argument to 'query')."
"`ALTER  ... emId"")`","This is a potential data sink (argument to 'query')."
"`DROP T ... _enum""`","This is a potential data sink (argument to 'query')."
"`ALTER  ... ctId"")`","This is a potential data sink (argument to 'query')."
"`ALTER  ...  'UTC'`","This is a potential data sink (argument to 'query')."
"`ALTER  ... nique""`","This is a potential data sink (argument to 'query')."
"`ALTER  ... nique""`","This is a potential data sink (argument to 'query')."
"`ALTER  ... temId""`","This is a potential data sink (argument to 'query')."
"`CREATE ... ""id""))`","This is a potential data sink (argument to 'query')."
"`ALTER  ... ACTION`","This is a potential data sink (argument to 'query')."
"`ALTER  ... ESTAMP`","This is a potential data sink (argument to 'query')."
"`ALTER  ... 41982""`","This is a potential data sink (argument to 'query')."
"`DROP T ... ement""`","This is a potential data sink (argument to 'query')."
"`ALTER  ... 41982""`","This is a potential data sink (argument to 'query')."
"`ALTER  ... 1954d""`","This is a potential data sink (argument to 'query')."
"`ALTER  ... 0897d""`","This is a potential data sink (argument to 'query')."
"`ALTER  ... ACTION`","This is a potential data sink (argument to 'query')."
"`ALTER  ... ACTION`","This is a potential data sink (argument to 'query')."
"`ALTER  ... 1954d""`","This is a potential data sink (argument to 'query')."
"`ALTER  ... ACTION`","This is a potential data sink (argument to 'query')."
"`ALTER  ... e1954""`","This is a potential data sink (argument to 'query')."
"`ALTER  ... ULT ''`","This is a potential data sink (argument to 'query')."
"`ALTER  ... 8d20a""`","This is a potential data sink (argument to 'query')."
"`ALTER  ... T NULL`","This is a potential data sink (argument to 'query')."
"`ALTER  ... ACTION`","This is a potential data sink (argument to 'query')."
"`ALTER  ...  'UTC'`","This is a potential data sink (argument to 'query')."
"`ALTER  ... EFAULT`","This is a potential data sink (argument to 'query')."
"`ALTER  ... T NULL`","This is a potential data sink (argument to 'query')."
"`ALTER  ... E text`","This is a potential data sink (argument to 'query')."
"`CREATE ... paid')`","This is a potential data sink (argument to 'query')."
"`ALTER  ...  false`","This is a potential data sink (argument to 'query')."
"`ALTER  ... _enum""`","This is a potential data sink (argument to 'query')."
"`ALTER  ... T NULL`","This is a potential data sink (argument to 'query')."
"`ALTER  ... T NULL`","This is a potential data sink (argument to 'query')."
"`ALTER  ... 62356""`","This is a potential data sink (argument to 'query')."
"`ALTER  ... 1954d""`","This is a potential data sink (argument to 'query')."
"`ALTER  ... ASCADE`","This is a potential data sink (argument to 'query')."
"`ALTER  ... erId"")`","This is a potential data sink (argument to 'query')."
"`ALTER  ... ceId"")`","This is a potential data sink (argument to 'query')."
"`ALTER  ... ACTION`","This is a potential data sink (argument to 'query')."
"`ALTER  ... E text`","This is a potential data sink (argument to 'query')."
"`ALTER  ... 62356""`","This is a potential data sink (argument to 'query')."
"`DROP T ... _enum""`","This is a potential data sink (argument to 'query')."
"`ALTER  ... odCap""`","This is a potential data sink (argument to 'query')."
"`ALTER  ... ACTION`","This is a potential data sink (argument to 'query')."
"`ALTER  ... arying`","This is a potential data sink (argument to 'query')."
"`ALTER  ... ESTAMP`","This is a potential data sink (argument to 'query')."
"`ALTER  ... plete'`","This is a potential data sink (argument to 'query')."
"`ALTER  ... 4448e""`","This is a potential data sink (argument to 'query')."
"`ALTER  ... ACTION`","This is a potential data sink (argument to 'query')."
"`ALTER  ... 88908""`","This is a potential data sink (argument to 'query')."
"`ALTER  ... 4448e""`","This is a potential data sink (argument to 'query')."
"`ALTER  ... ACTION`","This is a potential data sink (argument to 'query')."
"`ALTER  ... tatus""`","This is a potential data sink (argument to 'query')."
"`ALTER  ... nique""`","This is a potential data sink (argument to 'query')."
"`ALTER  ... ACTION`","This is a potential data sink (argument to 'query')."
"`ALTER  ... nique""`","This is a potential data sink (argument to 'query')."
"`ALTER  ... emId"")`","This is a potential data sink (argument to 'query')."
"`ALTER  ... ntity""`","This is a potential data sink (argument to 'query')."
"`ALTER  ... 88908""`","This is a potential data sink (argument to 'query')."
"`ALTER  ... umeric`","This is a potential data sink (argument to 'query')."
"`CREATE ... ""id""))`","This is a potential data sink (argument to 'query')."
"`ALTER  ... ceId"")`","This is a potential data sink (argument to 'query')."
"`CREATE ... _due')`","This is a potential data sink (argument to 'query')."
"`ALTER  ... ACTION`","This is a potential data sink (argument to 'query')."
"`ALTER  ... ACTION`","This is a potential data sink (argument to 'query')."
"`ALTER  ... arying`","This is a potential data sink (argument to 'query')."
"`CREATE ... ""id""))`","This is a potential data sink (argument to 'query')."
"`ALTER  ... arUrl""`","This is a potential data sink (argument to 'query')."
"`ALTER  ... 235a7""`","This is a potential data sink (argument to 'query')."
"`ALTER  ... 62356""`","This is a potential data sink (argument to 'query')."
"`DROP I ... space""`","This is a potential data sink (argument to 'query')."
"`ALTER  ... 0897d""`","This is a potential data sink (argument to 'query')."
"`CREATE ... ""id""))`","This is a potential data sink (argument to 'query')."
"`ALTER  ... ntity""`","This is a potential data sink (argument to 'query')."
"`ALTER  ... ACTION`","This is a potential data sink (argument to 'query')."
"`ALTER  ... T NULL`","This is a potential data sink (argument to 'query')."
"`ALTER  ... ACTION`","This is a potential data sink (argument to 'query')."
"`ALTER  ... 78526""`","This is a potential data sink (argument to 'query')."
"`ALTER  ... erId"")`","This is a potential data sink (argument to 'query')."
"`ALTER  ... 299de""`","This is a potential data sink (argument to 'query')."
"`ALTER  ... emId"")`","This is a potential data sink (argument to 'query')."
"`ALTER  ... T true`","This is a potential data sink (argument to 'query')."
"`ALTER  ... 235a7""`","This is a potential data sink (argument to 'query')."
"`ALTER  ... ACTION`","This is a potential data sink (argument to 'query')."
"`ALTER  ... 299de""`","This is a potential data sink (argument to 'query')."
"`DROP T ... ""user""`","This is a potential data sink (argument to 'query')."
"`ALTER  ... ACTION`","This is a potential data sink (argument to 'query')."
"`ALTER  ... 4448e""`","This is a potential data sink (argument to 'query')."
"`ALTER  ... 88908""`","This is a potential data sink (argument to 'query')."
"`ALTER  ... arying`","This is a potential data sink (argument to 'query')."
"`ALTER  ... ation""`","This is a potential data sink (argument to 'query')."
"`ALTER  ... ESTAMP`","This is a potential data sink (argument to 'query')."
"`ALTER  ... ACTION`","This is a potential data sink (argument to 'query')."
"`DROP T ... space""`","This is a potential data sink (argument to 'query')."
"`CREATE ...      )`","This is a potential data sink (argument to 'query')."
"`\n      ... N\n    `","This is a potential data sink (argument to 'query')."
"`DROP T ... Token""`","This is a potential data sink (argument to 'query')."
"`\n      ... N\n    `","This is a potential data sink (argument to 'query')."
"`CREATE ... ""id""))`","This is a potential data sink (argument to 'query')."
"`ALTER  ... resAt""`","This is a potential data sink (argument to 'query')."
"`ALTER  ... Token""`","This is a potential data sink (argument to 'query')."
"`ALTER  ... ACTION`","This is a potential data sink (argument to 'query')."
"`ALTER  ... df221""`","This is a potential data sink (argument to 'query')."
"`ALTER  ... a9bd6""`","This is a potential data sink (argument to 'query')."
"`ALTER  ... ACTION`","This is a potential data sink (argument to 'query')."
"`ALTER  ... 6e72b""`","This is a potential data sink (argument to 'query')."
"`ALTER  ... _fkey""`","This is a potential data sink (argument to 'query')."
"`ALTER  ... _fkey""`","This is a potential data sink (argument to 'query')."
"`ALTER  ... df221""`","This is a potential data sink (argument to 'query')."
"`ALTER  ... a9bd6""`","This is a potential data sink (argument to 'query')."
"`DROP T ... eFlag""`","This is a potential data sink (argument to 'query')."
"`\n      ...       `","This is a potential data sink (argument to 'query')."
"`\n      ...       `","This is a potential data sink (argument to 'query')."
"`ALTER  ... 88908""`","This is a potential data sink (argument to 'query')."
"`CREATE ... paid')`","This is a potential data sink (argument to 'query')."
"`ALTER  ... E text`","This is a potential data sink (argument to 'query')."
"`ALTER  ... ACTION`","This is a potential data sink (argument to 'query')."
"`ALTER  ... 88908""`","This is a potential data sink (argument to 'query')."
"`ALTER  ... arying`","This is a potential data sink (argument to 'query')."
"`ALTER  ... EFAULT`","This is a potential data sink (argument to 'query')."
"`ALTER  ... ACTION`","This is a potential data sink (argument to 'query')."
"`CREATE ... s NULL`","This is a potential data sink (argument to 'query')."
"`ALTER  ... _enum""`","This is a potential data sink (argument to 'query')."
"`ALTER  ... T NULL`","This is a potential data sink (argument to 'query')."
"`CREATE ... s NULL`","This is a potential data sink (argument to 'query')."
"`ALTER  ... _enum""`","This is a potential data sink (argument to 'query')."
"`DROP I ... nique""`","This is a potential data sink (argument to 'query')."
"`DROP I ... nique""`","This is a potential data sink (argument to 'query')."
"`ALTER  ... E text`","This is a potential data sink (argument to 'query')."
"`DROP T ... _enum""`","This is a potential data sink (argument to 'query')."
"`ALTER  ... Token""`","This is a potential data sink (argument to 'query')."
"`ALTER  ... "" uuid`","This is a potential data sink (argument to 'query')."
"`CREATE ... ""id""))`","This is a potential data sink (argument to 'query')."
"`CREATE ... ""id""))`","This is a potential data sink (argument to 'query')."
"`ALTER  ... ACTION`","This is a potential data sink (argument to 'query')."
"`ALTER  ... ACTION`","This is a potential data sink (argument to 'query')."
"`ALTER  ... TOKEN'`","This is a potential data sink (argument to 'query')."
"`ALTER  ... ACTION`","This is a potential data sink (argument to 'query')."
"`ALTER  ... "" text`","This is a potential data sink (argument to 'query')."
"`ALTER  ... ACTION`","This is a potential data sink (argument to 'query')."
"`ALTER  ... 1daa2""`","This is a potential data sink (argument to 'query')."
"`ALTER  ... f5d22""`","This is a potential data sink (argument to 'query')."
"`ALTER  ...  'UTC'`","This is a potential data sink (argument to 'query')."
"`ALTER  ... 4448e""`","This is a potential data sink (argument to 'query')."
"`ALTER  ... ae71a""`","This is a potential data sink (argument to 'query')."
"`ALTER  ...  'UTC'`","This is a potential data sink (argument to 'query')."
"`ALTER  ... ACTION`","This is a potential data sink (argument to 'query')."
"`DROP T ... ePair""`","This is a potential data sink (argument to 'query')."
"`ALTER  ...  'UTC'`","This is a potential data sink (argument to 'query')."
"`ALTER  ... ACTION`","This is a potential data sink (argument to 'query')."
"`ALTER  ... 29136""`","This is a potential data sink (argument to 'query')."
"`DROP T ... tials""`","This is a potential data sink (argument to 'query')."
"`ALTER  ... 57772""`","This is a potential data sink (argument to 'query')."
"`ALTER  ... value""`","This is a potential data sink (argument to 'query')."
"`ALTER  ...  'UTC'`","This is a potential data sink (argument to 'query')."
"`ALTER  ... ""type""`","This is a potential data sink (argument to 'query')."
"`ALTER  ...  'UTC'`","This is a potential data sink (argument to 'query')."
"`ALTER  ... aceId""`","This is a potential data sink (argument to 'query')."
"`ALTER  ...  'UTC'`","This is a potential data sink (argument to 'query')."
"`ALTER  ... Token""`","This is a potential data sink (argument to 'query')."
"`ALTER  ...  'UTC'`","This is a potential data sink (argument to 'query')."
"`CREATE ... _VAR')`","This is a potential data sink (argument to 'query')."
"`ALTER  ...  'UTC'`","This is a potential data sink (argument to 'query')."
"`ALTER  ... a9bd6""`","This is a potential data sink (argument to 'query')."
"`CREATE ... ""id""))`","This is a potential data sink (argument to 'query')."
"`ALTER  ... df221""`","This is a potential data sink (argument to 'query')."
"`ALTER  ... ESTAMP`","This is a potential data sink (argument to 'query')."
"`ALTER  ... E ZONE`","This is a potential data sink (argument to 'query')."
"`ALTER  ... ESTAMP`","This is a potential data sink (argument to 'query')."
"`ALTER  ... tatus""`","This is a potential data sink (argument to 'query')."
"`ALTER  ... R_VAR'`","This is a potential data sink (argument to 'query')."
"`DROP T ... _enum""`","This is a potential data sink (argument to 'query')."
"`ALTER  ...  now()`","This is a potential data sink (argument to 'query')."
"`ALTER  ... ESTAMP`","This is a potential data sink (argument to 'query')."
"`ALTER  ...  NULL;`","This is a potential data sink (argument to 'query')."
"`CREATE ... paid')`","This is a potential data sink (argument to 'query')."
"`ALTER  ... plete'`","This is a potential data sink (argument to 'query')."
"`ALTER  ... E ZONE`","This is a potential data sink (argument to 'query')."
"`ALTER  ... ""type""`","This is a potential data sink (argument to 'query')."
"`CREATE ... TIVE')`","This is a potential data sink (argument to 'query')."
"`ALTER  ... Token""`","This is a potential data sink (argument to 'query')."
"`ALTER  ... ESTAMP`","This is a potential data sink (argument to 'query')."
"`ALTER  ... ESTAMP`","This is a potential data sink (argument to 'query')."
"`DROP T ... _enum""`","This is a potential data sink (argument to 'query')."
"`ALTER  ... ESTAMP`","This is a potential data sink (argument to 'query')."
"`ALTER  ... ESTAMP`","This is a potential data sink (argument to 'query')."
"`ALTER  ... ESTAMP`","This is a potential data sink (argument to 'query')."
"`ALTER  ... resAt""`","This is a potential data sink (argument to 'query')."
"`ALTER  ... CTIVE'`","This is a potential data sink (argument to 'query')."
"`ALTER  ...  now()`","This is a potential data sink (argument to 'query')."
"`ALTER  ...  NULL;`","This is a potential data sink (argument to 'query')."
"`ALTER  ... tatus""`","This is a potential data sink (argument to 'query')."
"`DROP T ... _enum""`","This is a potential data sink (argument to 'query')."
"`ALTER  ... arying`","This is a potential data sink (argument to 'query')."
"`CREATE ... TIVE')`","This is a potential data sink (argument to 'query')."
"`ALTER  ... E ZONE`","This is a potential data sink (argument to 'query')."
"`ALTER  ... 88908""`","This is a potential data sink (argument to 'query')."
"`ALTER  ... ESTAMP`","This is a potential data sink (argument to 'query')."
"`ALTER  ... T NULL`","This is a potential data sink (argument to 'query')."
"`ALTER  ... ceId"")`","This is a potential data sink (argument to 'query')."
"`CREATE ... HOUR')`","This is a potential data sink (argument to 'query')."
"`ALTER  ... ACTION`","This is a potential data sink (argument to 'query')."
"`CREATE ... ""id""))`","This is a potential data sink (argument to 'query')."
"`ALTER  ... ACTION`","This is a potential data sink (argument to 'query')."
"`ALTER  ... ACTION`","This is a potential data sink (argument to 'query')."
"`ALTER  ... 88908""`","This is a potential data sink (argument to 'query')."
"`ALTER  ... c48b0""`","This is a potential data sink (argument to 'query')."
"`ALTER  ... 791f8""`","This is a potential data sink (argument to 'query')."
"`ALTER  ... cated""`","This is a potential data sink (argument to 'query')."
"`ALTER  ...  jsonb`","This is a potential data sink (argument to 'query')."
"`ALTER  ... value""`","This is a potential data sink (argument to 'query')."
"`CREATE ... ""id""))`","This is a potential data sink (argument to 'query')."
"`ALTER  ... nique""`","This is a potential data sink (argument to 'query')."
"`CREATE ... FIED')`","This is a potential data sink (argument to 'query')."
"`ALTER  ... value""`","This is a potential data sink (argument to 'query')."
"`CREATE ... RING')`","This is a potential data sink (argument to 'query')."
"`ALTER  ... T NULL`","This is a potential data sink (argument to 'query')."
"`ALTER  ... ACTION`","This is a potential data sink (argument to 'query')."
"`ALTER  ... tedAt""`","This is a potential data sink (argument to 'query')."
"`CREATE ... ERED')`","This is a potential data sink (argument to 'query')."
"`CREATE ... LUME')`","This is a potential data sink (argument to 'query')."
"`CREATE ... NSED')`","This is a potential data sink (argument to 'query')."
"`CREATE ... year')`","This is a potential data sink (argument to 'query')."
"`ALTER  ... ESTAMP`","This is a potential data sink (argument to 'query')."
"`ALTER  ... tedAt""`","This is a potential data sink (argument to 'query')."
"`ALTER  ...  now()`","This is a potential data sink (argument to 'query')."
"`CREATE ... ""id""))`","This is a potential data sink (argument to 'query')."
"`ALTER  ... arying`","This is a potential data sink (argument to 'query')."
"`ALTER  ... edAt"")`","This is a potential data sink (argument to 'query')."
"`ALTER  ... EMAIL""`","This is a potential data sink (argument to 'query')."
"`ALTER  ... T '{}'`","This is a potential data sink (argument to 'query')."
"`ALTER  ...  jsonb`","This is a potential data sink (argument to 'query')."
"`ALTER  ...  false`","This is a potential data sink (argument to 'query')."
"`ALTER  ...  'USD'`","This is a potential data sink (argument to 'query')."
"`ALTER  ... tedAt""`","This is a potential data sink (argument to 'query')."
"`\n      ...       `","This is a potential data sink (argument to 'query')."
"`ALTER  ...  now()`","This is a potential data sink (argument to 'query')."
"`ALTER  ...  now()`","This is a potential data sink (argument to 'query')."
"`ALTER  ... ACTION`","This is a potential data sink (argument to 'query')."
"`ALTER  ...  now()`","This is a potential data sink (argument to 'query')."
"`ALTER  ... ACTION`","This is a potential data sink (argument to 'query')."
"`ALTER  ... T '{}'`","This is a potential data sink (argument to 'query')."
"`ALTER  ... E ZONE`","This is a potential data sink (argument to 'query')."
"`ALTER  ... E ZONE`","This is a potential data sink (argument to 'query')."
"`DROP T ... views""`","This is a potential data sink (argument to 'query')."
"`ALTER  ...  jsonb`","This is a potential data sink (argument to 'query')."
"`ALTER  ...  jsonb`","This is a potential data sink (argument to 'query')."
"`ALTER  ... r NULL`","This is a potential data sink (argument to 'query')."
"`ALTER  ... T true`","This is a potential data sink (argument to 'query')."
"`UPDATE ... = ""id""`","This is a potential data sink (argument to 'query')."
"`CREATE ... OICE')`","This is a potential data sink (argument to 'query')."
"`ALTER  ... T NULL`","This is a potential data sink (argument to 'query')."
"`ALTER  ... CALLY'`","This is a potential data sink (argument to 'query')."
"`CREATE ... omain)`","This is a potential data sink (argument to 'query')."
"`ALTER  ... E ZONE`","This is a potential data sink (argument to 'query')."
"`ALTER  ... LT '1'`","This is a potential data sink (argument to 'query')."
"`ALTER  ... abled""`","This is a potential data sink (argument to 'query')."
"`ALTER  ... ULT ''`","This is a potential data sink (argument to 'query')."
"`ALTER  ... E ZONE`","This is a potential data sink (argument to 'query')."
"`ALTER  ... omain""`","This is a potential data sink (argument to 'query')."
"`ALTER  ... E ZONE`","This is a potential data sink (argument to 'query')."
"`ALTER  ... ACTION`","This is a potential data sink (argument to 'query')."
"`ALTER  ... ACTION`","This is a potential data sink (argument to 'query')."
"`ALTER  ... ULT ''`","This is a potential data sink (argument to 'query')."
"`ALTER  ... ACTION`","This is a potential data sink (argument to 'query')."
"`ALTER  ... 372e1""`","This is a potential data sink (argument to 'query')."
"`ALTER  ... 26fca""`","This is a potential data sink (argument to 'query')."
"`ALTER  ... ::text`","This is a potential data sink (argument to 'query')."
"`ALTER  ... 0897d""`","This is a potential data sink (argument to 'query')."
"`ALTER  ... chema""`","This is a potential data sink (argument to 'query')."
"`ALTER  ... EFAULT`","This is a potential data sink (argument to 'query')."
"`ALTER  ... alEnd""`","This is a potential data sink (argument to 'query')."
"`DROP T ... _enum""`","This is a potential data sink (argument to 'query')."
"`ALTER  ... seUrl""`","This is a potential data sink (argument to 'query')."
"`ALTER  ... Start""`","This is a potential data sink (argument to 'query')."
"`CREATE ... TIVE')`","This is a potential data sink (argument to 'query')."
"`ALTER  ... rsion""`","This is a potential data sink (argument to 'query')."
"`\n      ... ;\n    `","This is a potential data sink (argument to 'query')."
"`ALTER  ... _enum""`","This is a potential data sink (argument to 'query')."
"`\n      ... ;\n    `","This is a potential data sink (argument to 'query')."
"'ALTER  ... T NULL'","This is a potential data sink (argument to 'query')."
"`ALTER  ...  NULL)`","This is a potential data sink (argument to 'query')."
"`\n      ... ;\n    `","This is a potential data sink (argument to 'query')."
"`\n      ... )\n    `","This is a potential data sink (argument to 'query')."
"`ALTER  ... TNULL)`","This is a potential data sink (argument to 'query')."
"`ALTER  ... CTIVE'`","This is a potential data sink (argument to 'query')."
"`ALTER  ... dedAt""`","This is a potential data sink (argument to 'query')."
"`ALTER  ... ethod""`","This is a potential data sink (argument to 'query')."
"`\n      ... )\n    `","This is a potential data sink (argument to 'query')."
"`DROP T ... _enum""`","This is a potential data sink (argument to 'query')."
"'ALTER  ...  jsonb'","This is a potential data sink (argument to 'query')."
"`ALTER  ... tails""`","This is a potential data sink (argument to 'query')."
"`ALTER  ... icTax""`","This is a potential data sink (argument to 'query')."
"'CREATE ... KEN\';'","This is a potential data sink (argument to 'query')."
"`ALTER  ... ledAt""`","This is a potential data sink (argument to 'query')."
"`ALTER  ... celAt""`","This is a potential data sink (argument to 'query')."
"`ALTER  ... adata""`","This is a potential data sink (argument to 'query')."
"`ALTER  ... Start""`","This is a potential data sink (argument to 'query')."
"`ALTER  ... odEnd""`","This is a potential data sink (argument to 'query')."
"`ALTER  ... rency""`","This is a potential data sink (argument to 'query')."
"`ALTER  ... odEnd""`","This is a potential data sink (argument to 'query')."
"`ALTER  ... holds""`","This is a potential data sink (argument to 'query')."
"`ALTER  ... ::text`","This is a potential data sink (argument to 'query')."
"`ALTER  ... EFAULT`","This is a potential data sink (argument to 'query')."
"`ALTER  ... adata""`","This is a potential data sink (argument to 'query')."
"`\n      ... ;\n    `","This is a potential data sink (argument to 'query')."
"`ALTER  ... ionId""`","This is a potential data sink (argument to 'query')."
"`ALTER  ... ::text`","This is a potential data sink (argument to 'query')."
"`DROP T ... _enum""`","This is a potential data sink (argument to 'query')."
"`\n      ... ;\n    `","This is a potential data sink (argument to 'query')."
"`DROP I ... space;`","This is a potential data sink (argument to 'query')."
"`\n      ... ;\n    `","This is a potential data sink (argument to 'query')."
"'DELETE ... S NULL'","This is a potential data sink (argument to 'query')."
"`DROP T ... Price""`","This is a potential data sink (argument to 'query')."
"`CREATE ... TIVE')`","This is a potential data sink (argument to 'query')."
"`ALTER  ... EFAULT`","This is a potential data sink (argument to 'query')."
"`DROP T ... _enum""`","This is a potential data sink (argument to 'query')."
"`ALTER  ... _enum""`","This is a potential data sink (argument to 'query')."
"`DROP T ... _enum""`","This is a potential data sink (argument to 'query')."
"`CREATE ... TIVE')`","This is a potential data sink (argument to 'query')."
"`ALTER  ... _enum""`","This is a potential data sink (argument to 'query')."
"`ALTER  ... CTIVE'`","This is a potential data sink (argument to 'query')."
"'ALTER  ... ation""'","This is a potential data sink (argument to 'query')."
"`DROP T ... _enum""`","This is a potential data sink (argument to 'query')."
"`DROP T ... _enum""`","This is a potential data sink (argument to 'query')."
"`ALTER  ... ::text`","This is a potential data sink (argument to 'query')."
"`ALTER  ... EFAULT`","This is a potential data sink (argument to 'query')."
"`DROP T ... _enum""`","This is a potential data sink (argument to 'query')."
"`DROP T ... _enum""`","This is a potential data sink (argument to 'query')."
"`CREATE ... TIVE')`","This is a potential data sink (argument to 'query')."
"`ALTER  ... CTIVE'`","This is a potential data sink (argument to 'query')."
"`ALTER  ... main"")`","This is a potential data sink (argument to 'query')."
"`ALTER  ...  false`","This is a potential data sink (argument to 'query')."
"`ALTER  ... T true`","This is a potential data sink (argument to 'query')."
"`ALTER  ... EMAIL""`","This is a potential data sink (argument to 'query')."
"`ALTER  ... T true`","This is a potential data sink (argument to 'query')."
"`ALTER  ... abled""`","This is a potential data sink (argument to 'query')."
"`ALTER  ... abled""`","This is a potential data sink (argument to 'query')."
"`ALTER  ... abled""`","This is a potential data sink (argument to 'query')."
"`DROP T ... _enum""`","This is a potential data sink (argument to 'query')."
"'ALTER  ... ation""'","This is a potential data sink (argument to 'query')."
"`ALTER  ... _enum""`","This is a potential data sink (argument to 'query')."
"`DROP T ... _enum""`","This is a potential data sink (argument to 'query')."
"`ALTER  ... CTIVE'`","This is a potential data sink (argument to 'query')."
"`ALTER  ... 351b8""`","This is a potential data sink (argument to 'query')."
"`DROP T ... oduct""`","This is a potential data sink (argument to 'query')."
"`CREATE ... S NULL`","This is a potential data sink (argument to 'query')."
"`DROP T ... Meter""`","This is a potential data sink (argument to 'query')."
"'ALTER  ... ntext""'","This is a potential data sink (argument to 'query')."
"`DROP I ... EMAIL""`","This is a potential data sink (argument to 'query')."
"`ALTER  ... edAt"")`","This is a potential data sink (argument to 'query')."
"`DROP T ... _enum""`","This is a potential data sink (argument to 'query')."
"'ALTER  ... T NULL'","This is a potential data sink (argument to 'query')."
"`ALTER  ... ified""`","This is a potential data sink (argument to 'query')."
"`DROP T ... _enum""`","This is a potential data sink (argument to 'query')."
"`DROP T ... tomer""`","This is a potential data sink (argument to 'query')."
"`ALTER  ... ified""`","This is a potential data sink (argument to 'query')."
"`ALTER  ... 88908""`","This is a potential data sink (argument to 'query')."
"`ALTER  ... aceId""`","This is a potential data sink (argument to 'query')."
"`ALTER  ... T NULL`","This is a potential data sink (argument to 'query')."
"`ALTER  ... ACTION`","This is a potential data sink (argument to 'query')."
"`ALTER  ... omain""`","This is a potential data sink (argument to 'query')."
"`ALTER  ...  false`","This is a potential data sink (argument to 'query')."
"`ALTER  ... arying`","This is a potential data sink (argument to 'query')."
"`ALTER  ... b39cd""`","This is a potential data sink (argument to 'query')."
"`ALTER  ... rsion""`","This is a potential data sink (argument to 'query')."
"`ALTER  ... cebf0""`","This is a potential data sink (argument to 'query')."
"`ALTER  ... Panel""`","This is a potential data sink (argument to 'query')."
"`ALTER  ... T 'en'`","This is a potential data sink (argument to 'query')."
"`ALTER  ... T true`","This is a potential data sink (argument to 'query')."
"`ALTER  ...  false`","This is a potential data sink (argument to 'query')."
"`ALTER  ... tname""`","This is a potential data sink (argument to 'query')."
"`CREATE ... ""id""))`","This is a potential data sink (argument to 'query')."
"`ALTER  ... ocale""`","This is a potential data sink (argument to 'query')."
"`ALTER  ... ACTION`","This is a potential data sink (argument to 'query')."
"`ALTER  ... nName""`","This is a potential data sink (argument to 'query')."
"`ALTER  ... arying`","This is a potential data sink (argument to 'query')."
"`ALTER  ... "" uuid`","This is a potential data sink (argument to 'query')."
"`ALTER  ... m_old""`","This is a potential data sink (argument to 'query')."
"`ALTER  ... 0a658""`","This is a potential data sink (argument to 'query')."
"`CREATE ... ""id""))`","This is a potential data sink (argument to 'query')."
"`ALTER  ... oleId""`","This is a potential data sink (argument to 'query')."
"`ALTER  ... ACTION`","This is a potential data sink (argument to 'query')."
"`CREATE ... NDED')`","This is a potential data sink (argument to 'query')."
"`ALTER  ... EFAULT`","This is a potential data sink (argument to 'query')."
"`ALTER  ... _enum""`","This is a potential data sink (argument to 'query')."
"`DROP T ... ethod""`","This is a potential data sink (argument to 'query')."
"`ALTER  ... 361fc""`","This is a potential data sink (argument to 'query')."
"`DROP T ... omain""`","This is a potential data sink (argument to 'query')."
"`ALTER  ... CTIVE'`","This is a potential data sink (argument to 'query')."
"`ALTER  ... arying`","This is a potential data sink (argument to 'query')."
"`DROP T ... m_old""`","This is a potential data sink (argument to 'query')."
"`ALTER  ... name"")`","This is a potential data sink (argument to 'query')."
"`ALTER  ...  false`","This is a potential data sink (argument to 'query')."
"`ALTER  ... abled""`","This is a potential data sink (argument to 'query')."
"`ALTER  ... cebf0""`","This is a potential data sink (argument to 'query')."
"`CREATE ... TION')`","This is a potential data sink (argument to 'query')."
"`ALTER  ... tname""`","This is a potential data sink (argument to 'query')."
"`ALTER  ... EFAULT`","This is a potential data sink (argument to 'query')."
"`ALTER  ... m_old""`","This is a potential data sink (argument to 'query')."
"`ALTER  ... CTIVE'`","This is a potential data sink (argument to 'query')."
"`DROP T ... _enum""`","This is a potential data sink (argument to 'query')."
"`ALTER  ...  NULL)`","This is a potential data sink (argument to 'query')."
"`ALTER  ... _enum""`","This is a potential data sink (argument to 'query')."
"`ALTER  ... _role""`","This is a potential data sink (argument to 'query')."
"`ALTER  ... arying`","This is a potential data sink (argument to 'query')."
"`ALTER  ... arUrl""`","This is a potential data sink (argument to 'query')."
"`ALTER  ... arying`","This is a potential data sink (argument to 'query')."
"`ALTER  ... arying`","This is a potential data sink (argument to 'query')."
"`ALTER  ... ataId""`","This is a potential data sink (argument to 'query')."
"`ALTER  ... 1071c""`","This is a potential data sink (argument to 'query')."
"`ALTER  ... tions""`","This is a potential data sink (argument to 'query')."
"`ALTER  ... ACTION`","This is a potential data sink (argument to 'query')."
"`SELECT ... data')`","This is a potential data sink (argument to 'query')."
"`ALTER  ... 1071c""`","This is a potential data sink (argument to 'query')."
"`ALTER  ... ataId""`","This is a potential data sink (argument to 'query')."
"`ALTER  ... ACTION`","This is a potential data sink (argument to 'query')."
"`ALTER  ... tions""`","This is a potential data sink (argument to 'query')."
"`SELECT ... tions'`","This is a potential data sink (argument to 'query')."
"`ALTER  ...  jsonb`","This is a potential data sink (argument to 'query')."
"`ALTER  ... tions""`","This is a potential data sink (argument to 'query')."
"`ALTER  ...  array`","This is a potential data sink (argument to 'query')."
"`SELECT ...      )`","This is a potential data sink (argument to 'query')."
"`ALTER  ... 4b824""`","This is a potential data sink (argument to 'query')."
"`ALTER  ... df44d""`","This is a potential data sink (argument to 'query')."
"`ALTER  ... ACTION`","This is a potential data sink (argument to 'query')."
"`ALTER  ... enums""`","This is a potential data sink (argument to 'query')."
"`ALTER  ... ACTION`","This is a potential data sink (argument to 'query')."
"`ALTER  ... ""core""`","This is a potential data sink (argument to 'query')."
"`ALTER  ... EFAULT`","This is a potential data sink (argument to 'query')."
"`ALTER  ... 4b824""`","This is a potential data sink (argument to 'query')."
"`CREATE ... ""id""))`","This is a potential data sink (argument to 'query')."
"`ALTER  ... df44d""`","This is a potential data sink (argument to 'query')."
"`ALTER  ... ACTION`","This is a potential data sink (argument to 'query')."
"`ALTER  ... ACTION`","This is a potential data sink (argument to 'query')."
"`ALTER  ... ::text`","This is a potential data sink (argument to 'query')."
"`DROP T ... rsion""`","This is a potential data sink (argument to 'query')."
"`UPDATE ... R_VAR'`","This is a potential data sink (argument to 'query')."
"`CREATE ... NULL')`","This is a potential data sink (argument to 'query')."
"`ALTER  ... aceId""`","This is a potential data sink (argument to 'query')."
"`ALTER  ... _NULL'`","This is a potential data sink (argument to 'query')."
"`ALTER  ... "" uuid`","This is a potential data sink (argument to 'query')."
"`UPDATE ... M_VAR'`","This is a potential data sink (argument to 'query')."
"`ALTER  ... ction""`","This is a potential data sink (argument to 'query')."
"`DROP T ... _enum""`","This is a potential data sink (argument to 'query')."
"`ALTER  ... mnMap""`","This is a potential data sink (argument to 'query')."
"`DROP T ... _enum""`","This is a potential data sink (argument to 'query')."
"`CREATE ... ABLE')`","This is a potential data sink (argument to 'query')."
"`ALTER  ... T NULL`","This is a potential data sink (argument to 'query')."
"`CREATE ... ""id""))`","This is a potential data sink (argument to 'query')."
"`ALTER  ... _enum""`","This is a potential data sink (argument to 'query')."
"`DROP I ... space""`","This is a potential data sink (argument to 'query')."
"`DROP I ... index""`","This is a potential data sink (argument to 'query')."
"`ALTER  ... "" uuid`","This is a potential data sink (argument to 'query')."
"`ALTER  ... ation""`","This is a potential data sink (argument to 'query')."
"`ALTER  ... IABLE'`","This is a potential data sink (argument to 'query')."
"`ALTER  ... ation""`","This is a potential data sink (argument to 'query')."
"`DROP T ... erver""`","This is a potential data sink (argument to 'query')."
"`ALTER  ... _OIDC""`","This is a potential data sink (argument to 'query')."
"`ALTER  ... EFAULT`","This is a potential data sink (argument to 'query')."
"`ALTER  ... _SAML""`","This is a potential data sink (argument to 'query')."
"`ALTER  ... ::text`","This is a potential data sink (argument to 'query')."
"`UPDATE ... IABLE'`","This is a potential data sink (argument to 'query')."
"`ALTER  ... T NULL`","This is a potential data sink (argument to 'query')."
"`UPDATE ... IABLE'`","This is a potential data sink (argument to 'query')."
"`ALTER  ... ardId""`","This is a potential data sink (argument to 'query')."
"`ALTER  ... ardId""`","This is a potential data sink (argument to 'query')."
"`DROP T ... _enum""`","This is a potential data sink (argument to 'query')."
"`ALTER  ... tatus""`","This is a potential data sink (argument to 'query')."
"`CREATE ... rror')`","This is a potential data sink (argument to 'query')."
"`ALTER  ... ctive'`","This is a potential data sink (argument to 'query')."
"`CREATE ... _VAR')`","This is a potential data sink (argument to 'query')."
"`ALTER  ... _enum""`","This is a potential data sink (argument to 'query')."
"`ALTER  ... R_VAR'`","This is a potential data sink (argument to 'query')."
"`ALTER  ... m_old""`","This is a potential data sink (argument to 'query')."
"`CREATE ... SAML')`","This is a potential data sink (argument to 'query')."
"`ALTER  ... EFAULT`","This is a potential data sink (argument to 'query')."
"`ALTER  ... _enum""`","This is a potential data sink (argument to 'query')."
"`CREATE ... ""id""))`","This is a potential data sink (argument to 'query')."
"`CREATE ... ""id""))`","This is a potential data sink (argument to 'query')."
"`CREATE ... ""id""))`","This is a potential data sink (argument to 'query')."
"`ALTER  ... 'OIDC'`","This is a potential data sink (argument to 'query')."
"`CREATE ... gres')`","This is a potential data sink (argument to 'query')."
"`CREATE ... ""id""))`","This is a potential data sink (argument to 'query')."
"`DROP T ... m_old""`","This is a potential data sink (argument to 'query')."
"`ALTER  ... m_old""`","This is a potential data sink (argument to 'query')."
"`CREATE ... TIVE')`","This is a potential data sink (argument to 'query')."
"`ALTER  ... EFAULT`","This is a potential data sink (argument to 'query')."
"`ALTER  ... _enum""`","This is a potential data sink (argument to 'query')."
"`CREATE ... ""id""))`","This is a potential data sink (argument to 'query')."
"`ALTER  ... CTIVE'`","This is a potential data sink (argument to 'query')."
"`ALTER  ... ACTION`","This is a potential data sink (argument to 'query')."
"`ALTER  ... ACTION`","This is a potential data sink (argument to 'query')."
"`ALTER  ...  false`","This is a potential data sink (argument to 'query')."
"`ALTER  ... ACTION`","This is a potential data sink (argument to 'query')."
"`DROP T ... m_old""`","This is a potential data sink (argument to 'query')."
"`ALTER  ... ACTION`","This is a potential data sink (argument to 'query')."
"`ALTER  ... ACTION`","This is a potential data sink (argument to 'query')."
"`ALTER  ... "" text`","This is a potential data sink (argument to 'query')."
"`ALTER  ...  jsonb`","This is a potential data sink (argument to 'query')."
"`ALTER  ... ACTION`","This is a potential data sink (argument to 'query')."
"`ALTER  ... ables""`","This is a potential data sink (argument to 'query')."
"`ALTER  ... chema""`","This is a potential data sink (argument to 'query')."
"`ALTER  ... 405b2""`","This is a potential data sink (argument to 'query')."
"`ALTER  ... T NULL`","This is a potential data sink (argument to 'query')."
"`ALTER  ... dee26""`","This is a potential data sink (argument to 'query')."
"`ALTER  ... T NULL`","This is a potential data sink (argument to 'query')."
"`ALTER  ... 95c3b""`","This is a potential data sink (argument to 'query')."
"`ALTER  ... T NULL`","This is a potential data sink (argument to 'query')."
"`CREATE ... ""id""))`","This is a potential data sink (argument to 'query')."
"`ALTER  ... 5e7d6""`","This is a potential data sink (argument to 'query')."
"`ALTER  ... ACTION`","This is a potential data sink (argument to 'query')."
"`ALTER  ... ACTION`","This is a potential data sink (argument to 'query')."
"`ALTER  ... 4b824""`","This is a potential data sink (argument to 'query')."
"`ALTER  ... df44d""`","This is a potential data sink (argument to 'query')."
"`ALTER  ... T true`","This is a potential data sink (argument to 'query')."
"`ALTER  ... 8df93""`","This is a potential data sink (argument to 'query')."
"`ALTER  ... emote""`","This is a potential data sink (argument to 'query')."
"`ALTER  ... 3f06a""`","This is a potential data sink (argument to 'query')."
"`ALTER  ... T NULL`","This is a potential data sink (argument to 'query')."
"`ALTER  ... T NULL`","This is a potential data sink (argument to 'query')."
"`DROP T ... Table""`","This is a potential data sink (argument to 'query')."
"`ALTER  ... T NULL`","This is a potential data sink (argument to 'query')."
"`CREATE ... TIVE')`","This is a potential data sink (argument to 'query')."
"`DROP T ... ation""`","This is a potential data sink (argument to 'query')."
"`ALTER  ... EFAULT`","This is a potential data sink (argument to 'query')."
"`DROP T ... ource""`","This is a potential data sink (argument to 'query')."
"`ALTER  ... m_old""`","This is a potential data sink (argument to 'query')."
"`DROP T ... _enum""`","This is a potential data sink (argument to 'query')."
"`ALTER  ... CTIVE'`","This is a potential data sink (argument to 'query')."
"`DROP T ... adata""`","This is a potential data sink (argument to 'query')."
"`DROP T ... adata""`","This is a potential data sink (argument to 'query')."
"`DROP T ... adata""`","This is a potential data sink (argument to 'query')."
"`DROP T ... _enum""`","This is a potential data sink (argument to 'query')."
"`ALTER  ... _enum""`","This is a potential data sink (argument to 'query')."
"`ALTER  ... ogged""`","This is a potential data sink (argument to 'query')."
"`CREATE ... SAML')`","This is a potential data sink (argument to 'query')."
"`ALTER  ... EFAULT`","This is a potential data sink (argument to 'query')."
"`ALTER  ... m_old""`","This is a potential data sink (argument to 'query')."
"`ALTER  ... 'OIDC'`","This is a potential data sink (argument to 'query')."
"`DROP T ... _enum""`","This is a potential data sink (argument to 'query')."
"`ALTER  ...  jsonb`","This is a potential data sink (argument to 'query')."
"`ALTER  ... ables""`","This is a potential data sink (argument to 'query')."
"`ALTER  ...  jsonb`","This is a potential data sink (argument to 'query')."
"`ALTER  ... rType""`","This is a potential data sink (argument to 'query')."
"`ALTER  ... _enum""`","This is a potential data sink (argument to 'query')."
"`ALTER  ... "" text`","This is a potential data sink (argument to 'query')."
"`ALTER  ... tatus""`","This is a potential data sink (argument to 'query')."
"`DROP T ... _enum""`","This is a potential data sink (argument to 'query')."
"`ALTER  ... ctive'`","This is a potential data sink (argument to 'query')."
"`ALTER  ... T NULL`","This is a potential data sink (argument to 'query')."
"`ALTER  ... rType""`","This is a potential data sink (argument to 'query')."
"`ALTER  ... arying`","This is a potential data sink (argument to 'query')."
"`ALTER  ... tings""`","This is a potential data sink (argument to 'query')."
"`ALTER  ... num)))`","This is a potential data sink (argument to 'query')."
"`ALTER  ... num)))`","This is a potential data sink (argument to 'query')."
"`CREATE ... ""id""))`","This is a potential data sink (argument to 'query')."
"`CREATE ... ""id""))`","This is a potential data sink (argument to 'query')."
"`ALTER  ... ULL)))`","This is a potential data sink (argument to 'query')."
"`ALTER  ... ULL)))`","This is a potential data sink (argument to 'query')."
"`ALTER  ... "" text`","This is a potential data sink (argument to 'query')."
"`CREATE ... ain"") `","This is a potential data sink (argument to 'query')."
"`CREATE ... :text)`","This is a potential data sink (argument to 'query')."
"`ALTER  ... ACTION`","This is a potential data sink (argument to 'query')."
"`ALTER  ... ::uuid`","This is a potential data sink (argument to 'query')."
"`ALTER  ... ACTION`","This is a potential data sink (argument to 'query')."
"`ALTER  ... ::uuid`","This is a potential data sink (argument to 'query')."
"`ALTER  ... ACTION`","This is a potential data sink (argument to 'query')."
"`DROP T ... rsion""`","This is a potential data sink (argument to 'query')."
"`ALTER  ... oolean`","This is a potential data sink (argument to 'query')."
"`ALTER  ... label""`","This is a potential data sink (argument to 'query')."
"`ALTER  ... table""`","This is a potential data sink (argument to 'query')."
"`ALTER  ... ACTION`","This is a potential data sink (argument to 'query')."
"`ALTER  ... ::text`","This is a potential data sink (argument to 'query')."
"`ALTER  ... ::text`","This is a potential data sink (argument to 'query')."
"`CREATE ... ""id""))`","This is a potential data sink (argument to 'query')."
"`DROP T ... adata""`","This is a potential data sink (argument to 'query')."
"`DROP T ... adata""`","This is a potential data sink (argument to 'query')."
"`ALTER  ...  now()`","This is a potential data sink (argument to 'query')."
"`ALTER  ...  now()`","This is a potential data sink (argument to 'query')."
"`ALTER  ... lPath""`","This is a potential data sink (argument to 'query')."
"`ALTER  ...  'UTC'`","This is a potential data sink (argument to 'query')."
"`ALTER  ... arying`","This is a potential data sink (argument to 'query')."
"`CREATE ... EADY')`","This is a potential data sink (argument to 'query')."
"`CREATE ... ""id""))`","This is a potential data sink (argument to 'query')."
"`DROP T ... ction""`","This is a potential data sink (argument to 'query')."
"`ALTER  ...  'UTC'`","This is a potential data sink (argument to 'query')."
"`ALTER  ...  now()`","This is a potential data sink (argument to 'query')."
"`ALTER  ...  'UTC'`","This is a potential data sink (argument to 'query')."
"`ALTER  ... rsion""`","This is a potential data sink (argument to 'query')."
"`ALTER  ...  now()`","This is a potential data sink (argument to 'query')."
"`DROP T ... _enum""`","This is a potential data sink (argument to 'query')."
"`ALTER  ... T NULL`","This is a potential data sink (argument to 'query')."
"`ALTER  ... tedAt""`","This is a potential data sink (argument to 'query')."
"`ALTER  ...  'UTC'`","This is a potential data sink (argument to 'query')."
"`ALTER  ...  'UTC'`","This is a potential data sink (argument to 'query')."
"`ALTER  ... tedAt""`","This is a potential data sink (argument to 'query')."
"`ALTER  ... tedAt""`","This is a potential data sink (argument to 'query')."
"`ALTER  ...  'UTC'`","This is a potential data sink (argument to 'query')."
"`ALTER  ...  'UTC'`","This is a potential data sink (argument to 'query')."
"`ALTER  ...  'UTC'`","This is a potential data sink (argument to 'query')."
"`ALTER  ...  'UTC'`","This is a potential data sink (argument to 'query')."
"`ALTER  ...  'UTC'`","This is a potential data sink (argument to 'query')."
"`ALTER  ... eHash""`","This is a potential data sink (argument to 'query')."
"`ALTER  ... tedAt""`","This is a potential data sink (argument to 'query')."
"`ALTER  ... T NULL`","This is a potential data sink (argument to 'query')."
"`ALTER  ...  'UTC'`","This is a potential data sink (argument to 'query')."
"`ALTER  ...  'UTC'`","This is a potential data sink (argument to 'query')."
"`ALTER  ... s18.x'`","This is a potential data sink (argument to 'query')."
"`ALTER  ...  'UTC'`","This is a potential data sink (argument to 'query')."
"`ALTER  ... nteger`","This is a potential data sink (argument to 'query')."
"`CREATE ... 'GIN')`","This is a potential data sink (argument to 'query')."
"`ALTER  ... arying`","This is a potential data sink (argument to 'query')."
"`\n      ... ;\n    `","This is a potential data sink (argument to 'query')."
"`ALTER  ...  'UTC'`","This is a potential data sink (argument to 'query')."
"`ALTER  ... ESTAMP`","This is a potential data sink (argument to 'query')."
"`ALTER  ... T NULL`","This is a potential data sink (argument to 'query')."
"`\n      ...       `","This is a potential data sink (argument to 'query')."
"`ALTER  ... ntime""`","This is a potential data sink (argument to 'query')."
"`ALTER  ... nique""`","This is a potential data sink (argument to 'query')."
"`ALTER  ... ption""`","This is a potential data sink (argument to 'query')."
"`ALTER  ... ESTAMP`","This is a potential data sink (argument to 'query')."
"`ALTER  ... ceId"")`","This is a potential data sink (argument to 'query')."
"`ALTER  ... ESTAMP`","This is a potential data sink (argument to 'query')."
"`\n      ... ""\n    `","This is a potential data sink (argument to 'query')."
"`ALTER  ... ESTAMP`","This is a potential data sink (argument to 'query')."
"`ALTER  ...  false`","This is a potential data sink (argument to 'query')."
"`ALTER  ... ESTAMP`","This is a potential data sink (argument to 'query')."
"`ALTER  ... ESTAMP`","This is a potential data sink (argument to 'query')."
"`ALTER  ... lPath""`","This is a potential data sink (argument to 'query')."
"`ALTER  ... table""`","This is a potential data sink (argument to 'query')."
"`ALTER  ... ESTAMP`","This is a potential data sink (argument to 'query')."
"`ALTER  ... oolean`","This is a potential data sink (argument to 'query')."
"`ALTER  ... ESTAMP`","This is a potential data sink (argument to 'query')."
"`ALTER  ... ESTAMP`","This is a potential data sink (argument to 'query')."
"`ALTER  ... nique""`","This is a potential data sink (argument to 'query')."
"`ALTER  ... ESTAMP`","This is a potential data sink (argument to 'query')."
"`ALTER  ... rsion""`","This is a potential data sink (argument to 'query')."
"`DROP T ... _enum""`","This is a potential data sink (argument to 'query')."
"`ALTER  ... ESTAMP`","This is a potential data sink (argument to 'query')."
"`\n      ...       `","This is a potential data sink (argument to 'query')."
"`ALTER  ... "" text`","This is a potential data sink (argument to 'query')."
"`ALTER  ... ESTAMP`","This is a potential data sink (argument to 'query')."
"`ALTER  ... ESTAMP`","This is a potential data sink (argument to 'query')."
"`ALTER  ... ESTAMP`","This is a potential data sink (argument to 'query')."
"`ALTER  ... lause""`","This is a potential data sink (argument to 'query')."
"`ALTER  ...  false`","This is a potential data sink (argument to 'query')."
"`ALTER  ... lause""`","This is a potential data sink (argument to 'query')."
"`ALTER  ...  false`","This is a potential data sink (argument to 'query')."
"`ALTER  ... hName""`","This is a potential data sink (argument to 'query')."
"`ALTER  ...  jsonb`","This is a potential data sink (argument to 'query')."
"`ALTER  ...  false`","This is a potential data sink (argument to 'query')."
"`DROP I ... space""`","This is a potential data sink (argument to 'query')."
"`ALTER  ... chema""`","This is a potential data sink (argument to 'query')."
"`ALTER  ... hName""`","This is a potential data sink (argument to 'query')."
"`ALTER  ... m_old""`","This is a potential data sink (argument to 'query')."
"`CREATE ... TION')`","This is a potential data sink (argument to 'query')."
"`ALTER  ... T '[]'`","This is a potential data sink (argument to 'query')."
"`ALTER  ... EFAULT`","This is a potential data sink (argument to 'query')."
"`ALTER  ... _enum""`","This is a potential data sink (argument to 'query')."
"`CREATE ... eId"") `","This is a potential data sink (argument to 'query')."
"`ALTER  ... taId"")`","This is a potential data sink (argument to 'query')."
"`ALTER  ... sions""`","This is a potential data sink (argument to 'query')."
"`ALTER  ... _NULL'`","This is a potential data sink (argument to 'query')."
"`DROP T ... m_old""`","This is a potential data sink (argument to 'query')."
"`ALTER  ... T NULL`","This is a potential data sink (argument to 'query')."
"`ALTER  ... arying`","This is a potential data sink (argument to 'query')."
"`ALTER  ...  '300'`","This is a potential data sink (argument to 'query')."
"`ALTER  ...  jsonb`","This is a potential data sink (argument to 'query')."
"`ALTER  ... nique""`","This is a potential data sink (argument to 'query')."
"`CREATE ... ceId"")`","This is a potential data sink (argument to 'query')."
"`ALTER  ... teria""`","This is a potential data sink (argument to 'query')."
"`ALTER  ... T NULL`","This is a potential data sink (argument to 'query')."
"`DROP I ... space""`","This is a potential data sink (argument to 'query')."
"`ALTER  ... = 900)`","This is a potential data sink (argument to 'query')."
"`ALTER  ... rtcut""`","This is a potential data sink (argument to 'query')."
"`CREATE ... NULL')`","This is a potential data sink (argument to 'query')."
"`ALTER  ... EFAULT`","This is a potential data sink (argument to 'query')."
"`ALTER  ... 03247""`","This is a potential data sink (argument to 'query')."
"`ALTER  ... conds""`","This is a potential data sink (argument to 'query')."
"`ALTER  ... m_old""`","This is a potential data sink (argument to 'query')."
"`ALTER  ... _NULL'`","This is a potential data sink (argument to 'query')."
"`DROP T ... _enum""`","This is a potential data sink (argument to 'query')."
"`ALTER  ... _enum""`","This is a potential data sink (argument to 'query')."
"`ALTER  ...  false`","This is a potential data sink (argument to 'query')."
"`ALTER  ...  false`","This is a potential data sink (argument to 'query')."
"`ALTER  ...  false`","This is a potential data sink (argument to 'query')."
"`ALTER  ...  false`","This is a potential data sink (argument to 'query')."
"`ALTER  ...  jsonb`","This is a potential data sink (argument to 'query')."
"`ALTER  ...  jsonb`","This is a potential data sink (argument to 'query')."
"`ALTER  ...  false`","This is a potential data sink (argument to 'query')."
"`CREATE ... aId"") `","This is a potential data sink (argument to 'query')."
"`ALTER  ... cords""`","This is a potential data sink (argument to 'query')."
"`ALTER  ... hable""`","This is a potential data sink (argument to 'query')."
"`CREATE ... ""id""))`","This is a potential data sink (argument to 'query')."
"`ALTER  ... cords""`","This is a potential data sink (argument to 'query')."
"`CREATE ... aId"") `","This is a potential data sink (argument to 'query')."
"`ALTER  ... rides""`","This is a potential data sink (argument to 'query')."
"`CREATE ... eId"") `","This is a potential data sink (argument to 'query')."
"`ALTER  ... tting""`","This is a potential data sink (argument to 'query')."
"`ALTER  ... cords""`","This is a potential data sink (argument to 'query')."
"`CREATE ... ""id""))`","This is a potential data sink (argument to 'query')."
"`ALTER  ... ACTION`","This is a potential data sink (argument to 'query')."
"`ALTER  ... cords""`","This is a potential data sink (argument to 'query')."
"`ALTER  ... oolean`","This is a potential data sink (argument to 'query')."
"`ALTER  ... arying`","This is a potential data sink (argument to 'query')."
"`ALTER  ... m_old""`","This is a potential data sink (argument to 'query')."
"`ALTER  ... rides""`","This is a potential data sink (argument to 'query')."
"`DROP I ... aceId""`","This is a potential data sink (argument to 'query')."
"`CREATE ... EADY')`","This is a potential data sink (argument to 'query')."
"`ALTER  ... ceId"")`","This is a potential data sink (argument to 'query')."
"`ALTER  ... EFAULT`","This is a potential data sink (argument to 'query')."
"`ALTER  ... ""icon""`","This is a potential data sink (argument to 'query')."
"`ALTER  ... dc7d4""`","This is a potential data sink (argument to 'query')."
"`ALTER  ... _enum""`","This is a potential data sink (argument to 'query')."
"`DROP I ... ataId""`","This is a potential data sink (argument to 'query')."
"`DROP I ... ataId""`","This is a potential data sink (argument to 'query')."
"`ALTER  ... READY'`","This is a potential data sink (argument to 'query')."
"`DROP T ... m_old""`","This is a potential data sink (argument to 'query')."
"`DROP T ... eRole""`","This is a potential data sink (argument to 'query')."
"`DROP T ... ""role""`","This is a potential data sink (argument to 'query')."
"`ALTER  ... nique""`","This is a potential data sink (argument to 'query')."
"`CREATE ... ""id""))`","This is a potential data sink (argument to 'query')."
"`CREATE ... EADY')`","This is a potential data sink (argument to 'query')."
"`ALTER  ... EFAULT`","This is a potential data sink (argument to 'query')."
"`CREATE ... ""id""))`","This is a potential data sink (argument to 'query')."
"`DROP T ... sions""`","This is a potential data sink (argument to 'query')."
"`ALTER  ... m_old""`","This is a potential data sink (argument to 'query')."
"`ALTER  ... READY'`","This is a potential data sink (argument to 'query')."
"`ALTER  ... ACTION`","This is a potential data sink (argument to 'query')."
"`ALTER  ... ACTION`","This is a potential data sink (argument to 'query')."
"`DROP T ... sions""`","This is a potential data sink (argument to 'query')."
"`ALTER  ... ACTION`","This is a potential data sink (argument to 'query')."
"`CREATE ... ""id""))`","This is a potential data sink (argument to 'query')."
"`ALTER  ... 7ed4a""`","This is a potential data sink (argument to 'query')."
"`CREATE ... ""id""))`","This is a potential data sink (argument to 'query')."
"`ALTER  ... 15074""`","This is a potential data sink (argument to 'query')."
"`ALTER  ... "" uuid`","This is a potential data sink (argument to 'query')."
"`ALTER  ... taId"")`","This is a potential data sink (argument to 'query')."
"`ALTER  ... "" uuid`","This is a potential data sink (argument to 'query')."
"`ALTER  ... 86ee1""`","This is a potential data sink (argument to 'query')."
"`ALTER  ... ACTION`","This is a potential data sink (argument to 'query')."
"`CREATE ... aId"") `","This is a potential data sink (argument to 'query')."
"`CREATE ... aId"") `","This is a potential data sink (argument to 'query')."
"`ALTER  ... ACTION`","This is a potential data sink (argument to 'query')."
"`ALTER  ... ACTION`","This is a potential data sink (argument to 'query')."
"`ALTER  ... ACTION`","This is a potential data sink (argument to 'query')."
"`DROP T ... sions""`","This is a potential data sink (argument to 'query')."
"`ALTER  ... ACTION`","This is a potential data sink (argument to 'query')."
"`ALTER  ... 1071c""`","This is a potential data sink (argument to 'query')."
"`DROP T ... sions""`","This is a potential data sink (argument to 'query')."
"`ALTER  ... cff78""`","This is a potential data sink (argument to 'query')."
"`DROP T ... _enum""`","This is a potential data sink (argument to 'query')."
"`DROP I ... ataId""`","This is a potential data sink (argument to 'query')."
"`ALTER  ... 37833""`","This is a potential data sink (argument to 'query')."
"`DROP I ... ataId""`","This is a potential data sink (argument to 'query')."
"`ALTER  ... ataId""`","This is a potential data sink (argument to 'query')."
"`ALTER  ... cff78""`","This is a potential data sink (argument to 'query')."
"`ALTER  ... ataId""`","This is a potential data sink (argument to 'query')."
"`ALTER  ... a8a83""`","This is a potential data sink (argument to 'query')."
"`ALTER  ... _enum""`","This is a potential data sink (argument to 'query')."
"`ALTER  ... 04256""`","This is a potential data sink (argument to 'query')."
"`DROP T ... ssion""`","This is a potential data sink (argument to 'query')."
"`DROP T ... ssion""`","This is a potential data sink (argument to 'query')."
"'SELECT version()'","This is a potential data sink (argument to 'query')."
"'SELECT ... tivity'","This is a potential data sink (argument to 'query')."
"'SHOW m ... ctions'","This is a potential data sink (argument to 'query')."
"'SELECT ... uptime'","This is a potential data sink (argument to 'query')."
"'SELECT ... s size'","This is a potential data sink (argument to 'query')."
"`\n      ...       `","This is a potential data sink (argument to 'query')."
"`\n      ...       `","This is a potential data sink (argument to 'query')."
"'SELECT ... base()'","This is a potential data sink (argument to 'query')."
"`\n      ...       `","This is a potential data sink (argument to 'query')."
"query","This is a potential data sink (argument to 'query')."
"`CREATE ... Name}""`","This is a potential data sink (argument to 'query')."
"`IMPORT ... Name}""`","This is a potential data sink (argument to 'query')."
"`SELECT ... Name}'`","This is a potential data sink (argument to 'query')."
"`DROP S ... ASCADE`","This is a potential data sink (argument to 'query')."
"`SELECT ... ame}')`","This is a potential data sink (argument to 'query')."
"`SELECT ... e = $1`","This is a potential data sink (argument to 'query')."
"foreign ... erQuery","This is a potential data sink (argument to 'query')."
"userMappingQuery","This is a potential data sink (argument to 'query')."
"foreign ... erQuery","This is a potential data sink (argument to 'query')."
"userMappingQuery","This is a potential data sink (argument to 'query')."
"`DROP S ... ASCADE`","This is a potential data sink (argument to 'query')."
"`SELECT ... ompany`","This is a potential data sink (argument to 'query')."
"`SELECT ... MIT 50`","This is a potential data sink (argument to 'query')."
"query","This is a potential data sink (argument to 'query')."
"query","This is a potential data sink (argument to 'query')."
"`SELECT ... ta)}')`","This is a potential data sink (argument to 'query')."
"`\n      ... ;\n    `","This is a potential data sink (argument to 'query')."
"`\n      ... }\n    `","This is a potential data sink (argument to 'query')."
"`\n      ...       `","This is a potential data sink (argument to 'query')."
"`\n      ... ""\n    `","This is a potential data sink (argument to 'query')."
"`\n      ... ""\n    `","This is a potential data sink (argument to 'query')."
"`SELECT ... Name}""`","This is a potential data sink (argument to 'query')."
"`\n      ...       `","This is a potential data sink (argument to 'query')."
"`DROP T ... Name}""`","This is a potential data sink (argument to 'query')."
"`\n      ... ""\n    `","This is a potential data sink (argument to 'query')."
"`SELECT ... e = $3`","This is a potential data sink (argument to 'query')."
"`SET LO ... aName}`","This is a potential data sink (argument to 'query')."
"`DROP F ... name}""`","This is a potential data sink (argument to 'query')."
"`\n      ...       `","This is a potential data sink (argument to 'query')."
"`\n      ... 3\n    `","This is a potential data sink (argument to 'query')."
"`\n      ... ;\n    `","This is a potential data sink (argument to 'query')."
"`CREATE ... ions})`","This is a potential data sink (argument to 'query')."
"`\n      ... ;\n    `","This is a potential data sink (argument to 'query')."
"`ALTER  ... uery};`","This is a potential data sink (argument to 'query')."
"{\n      ... ,\n    }","This is a potential data sink (argument to 'query')."
"{\n      ... ,\n    }","This is a potential data sink (argument to 'query')."
"`DELETE ... ular}""`","This is a potential data sink (argument to 'query')."
"`\n      ... }\n    `","This is a potential data sink (argument to 'query')."
"`\n      ... }\n    `","This is a potential data sink (argument to 'query')."
"`\n      ...       `","This is a potential data sink (argument to 'query')."
"`\n      ... }\n    `","This is a potential data sink (argument to 'query')."
"`\n      ... }\n    `","This is a potential data sink (argument to 'query')."
